,amino_acid,r0_A,eps_A,r0_B,eps_B,r0_C,eps_C
0,ALA,5.2,0.025,5.6,0.21,4.6,0.06
1,VAL,6.4,0.15,6.5,0.33,5.8,0.16
2,LEU,7.0,0.19,6.9,0.39,6.3,0.21
3,ILE,7.0,0.19,6.9,0.39,6.2,0.21
4,CYS,6.1,0.1,5.9,0.27,5.0,0.1
5,MET,6.8,0.19,6.8,0.39,6.2,0.21
6,PRO,6.2,0.17,6.3,0.33,5.6,0.16
7,PHE,7.1,0.39,7.35,0.56,6.8,0.39
8,TYR,7.1,0.39,7.4,0.62,6.9,0.45
9,TRP,7.6,0.56,7.7,0.73,7.2,0.66
10,ASP,5.0,0.1,6.3,0.39,5.6,0.21
11,ASN,5.0,0.1,6.4,0.39,5.7,0.21
12,GLU,6.0,0.1,6.7,0.46,6.1,0.27
13,GLN,6.0,0.1,6.7,0.45,6.1,0.27
14,HIS,6.0,0.1,6.8,0.61,6.2,0.33
15,SER,4.9,0.025,5.7,0.27,4.8,0.1
16,THR,5.0,0.1,6.3,0.33,5.6,0.16
17,ARG,6.0,0.2,7.35,0.56,6.8,0.39
18,LYS,6.0,0.2,6.9,0.45,6.3,0.27
19,GLY,4.2,0.025,5.0,0.16,3.8,0.025
